"Tree_ID","Species","Latitude","Longitude"
1,"15",-32.0021386547663,115.896322525525
2,"19",-31.9996602248124,115.896403434539
3,"14",-32.0040505608827,115.895666457612
4,"3",-32.0135727256809,115.895707595467
5,"10",-32.0068994773259,115.896295880174
6,"18",-32.0032374378091,115.896393196298
7,"22",-32.0132885411967,115.895743682951
8,"11",-32.0013559546428,115.895933193228
9,"5",-32.0028023350282,115.895898153306
10,"20",-32.0098451508406,115.896165592775
11,"14",-32.0028096603272,115.895805196897
12,"22",-32.0038948959183,115.896291970915
13,"25",-32.0111880300928,115.895841226793
14,"5",-32.0039221395626,115.895757454872
15,"19",-32.0001168311401,115.895503961523
16,"25",-32.0012757685275,115.895880338865
17,"25",-32.002296330766,115.896099426569
18,"9",-32.0036867019635,115.895839035388
19,"3",-32.0050660109645,115.895675784241
20,"8",-32.007812211033,115.896497569354
21,"7",-32.0118261175564,115.895765399609
22,"10",-32.0017255988196,115.896050192248
23,"9",-32.0032358811041,115.895635244666
24,"19",-32.0021904571539,115.896181822216
25,"4",-32.013432586383,115.895950351065
26,"14",-32.0111524439416,115.895866644566
27,"17",-32.0049597250616,115.89588613134
28,"11",-32.0125226731861,115.895904471194
29,"7",-32.0033731872496,115.896327564721
30,"21",-32.0054704358966,115.896416014791
31,"12",-32.0095710045259,115.896261202927
32,"15",-32.0079759712203,115.895867348682
33,"10",-32.0038781687494,115.896191388094
34,"13",-32.0113321768579,115.89600803268
35,"7",-32.0121158722092,115.895519425937
36,"9",-32.0059117142423,115.89614689914
37,"9",-32.0121932931348,115.896123007664
38,"10",-32.0123360959554,115.895832971109
39,"23",-32.004357092926,115.895526286836
40,"21",-32.005464980418,115.896474947359
41,"7",-32.0092391668153,115.896491274857
42,"21",-32.0098162681426,115.895576579809
43,"6",-32.0044654884719,115.896037944873
44,"25",-32.0015709356301,115.896477852743
45,"2",-32.0129502080172,115.895609674719
46,"5",-31.999211908472,115.895862572178
47,"8",-32.0133775269842,115.895999819358
48,"12",-32.0110743522199,115.896412628402
49,"13",-32.008901095707,115.896072060835
50,"18",-32.0012185225352,115.895522794575
51,"1",-32.0110083394269,115.896355229626
52,"25",-32.0020877921431,115.896330484242
53,"25",-32.0011607587812,115.896378151063
54,"6",-32.0068085148056,115.896309602189
55,"21",-32.0042362385461,115.895500065337
56,"15",-32.0089543914055,115.895601825733
57,"9",-32.0068943931117,115.896334825877
58,"15",-31.999940853658,115.895721147396
59,"16",-32.0101162212398,115.895530416377
60,"20",-32.0133721269351,115.896076726022
61,"6",-31.9995807512743,115.89625687976
62,"11",-32.0099032866884,115.896373654059
63,"8",-32.0041500346389,115.895560365914
64,"22",-32.0125994339318,115.895721838359
65,"22",-31.9995490069545,115.895914025172
66,"7",-32.0002893258719,115.89591132963
67,"16",-32.0010249729712,115.89607939033
68,"17",-32.0075040669675,115.896441948951
69,"22",-32.0022969331506,115.896487598597
70,"18",-32.0093213739667,115.895629797849
71,"17",-32.0094739892891,115.895774874981
72,"2",-31.9991106020364,115.896328382822
73,"4",-31.9992892567642,115.896491258719
74,"13",-32.0066913234185,115.896173200558
75,"5",-32.0025707840331,115.895577389064
76,"22",-32.0089022658948,115.895634403405
77,"19",-32.0102509128301,115.895838096779
78,"25",-32.0046792435564,115.89575210898
79,"20",-32.0087294407246,115.895750823636
80,"22",-32.0128474909968,115.896283267918
81,"25",-31.9993635909952,115.89567378633
82,"14",-32.0036546142233,115.896098303916
83,"25",-32.0011121395747,115.896191583044
84,"23",-32.0069592459387,115.896422935599
85,"3",-32.0118600029018,115.896189974984
86,"8",-32.0037676864992,115.895773658977
87,"16",-32.0134087477362,115.895510945159
88,"12",-32.0113208038608,115.895543219598
89,"25",-32.0006210888075,115.8956678978
90,"14",-32.0114638969295,115.896352640826
91,"3",-32.0099238327331,115.895545913346
92,"14",-32.0101372396687,115.895771387636
93,"7",-32.0091467723521,115.896388942951
94,"3",-32.0104697983325,115.896047893295
95,"23",-32.0132540160945,115.896304817589
96,"22",-32.0005156655077,115.896457196619
97,"15",-31.9996927970213,115.89618974408
98,"21",-31.9999344095428,115.895901133575
99,"5",-32.0070818194163,115.896471040844
100,"8",-32.0073100909647,115.896439375858
101,"19",-32.0129675742427,115.896018282246
102,"10",-32.008446609482,115.895636290177
103,"18",-32.0006089966555,115.896126735995
104,"10",-32.0082824777584,115.896322649984
105,"12",-32.0063520388354,115.895636265355
106,"2",-32.0059970501312,115.896097468189
107,"10",-32.0112140570499,115.896482964068
108,"22",-32.0058364578588,115.895730630648
109,"12",-32.012086795702,115.895917370388
110,"20",-32.004734066498,115.895600270999
111,"14",-32.005743344166,115.895778511404
112,"17",-32.0103766210892,115.896030546492
113,"14",-32.000537973672,115.895814119458
114,"22",-32.0108015140242,115.896100702073
115,"3",-32.0075415430835,115.896487098018
116,"8",-32.000788316873,115.896109281486
117,"14",-32.0102222676397,115.895645737323
118,"19",-32.0094421932655,115.89620431646
119,"15",-32.0009046290649,115.896179180304
120,"24",-32.0046615418649,115.895822583865
121,"17",-32.0011834381961,115.895923315641
122,"23",-32.0067316487454,115.895804464185
123,"11",-32.0006442279849,115.896332818782
124,"7",-32.0112315873914,115.896093647508
125,"15",-32.0046323759894,115.896307196641
126,"23",-32.003147696266,115.895794050778
127,"6",-32.0109228440143,115.895641085222
128,"14",-32.0053967536668,115.896388621103
129,"7",-32.003895642618,115.895508285004
130,"10",-32.0002795208791,115.896069120653
131,"5",-32.0089468284119,115.89646755019
132,"6",-32.0057174197735,115.895769188763
133,"16",-32.0136271287919,115.896483960071
134,"24",-32.0082963043357,115.895535389488
135,"21",-32.0043907272005,115.89575797643
136,"23",-32.0047997376518,115.895759891121
137,"11",-32.0017529343307,115.896448188488
138,"4",-32.0119787797692,115.896479622739
139,"12",-32.0040149780017,115.896234384864
140,"14",-32.0107565340731,115.895787479757
141,"19",-32.0051318506944,115.895908959118
142,"25",-32.0035519783108,115.895701577648
143,"7",-32.005986993041,115.896266586359
144,"22",-32.0083049859527,115.89624310494
145,"9",-32.003502302879,115.895998461381
146,"7",-32.0067839149237,115.896170499596
147,"2",-32.0103302054186,115.896252462794
148,"16",-32.0070696334292,115.896273862919
149,"13",-32.0125437979799,115.8961051693
150,"19",-32.0099378636235,115.895890515744
151,"24",-32.0056104246893,115.896171057573
152,"20",-32.0133823070198,115.896369207812
153,"15",-32.010617909869,115.895936402873
154,"7",-32.0044086564735,115.895620476344
155,"4",-32.0032321829418,115.89611895336
156,"1",-32.0023578088801,115.895980508751
157,"8",-32.0126311549458,115.89642389309
158,"20",-32.0122582737765,115.895740672685
159,"25",-31.9998826248181,115.896276481576
160,"16",-32.0001091022457,115.896251987888
161,"24",-32.0002468074927,115.896176482425
162,"22",-32.0042108957343,115.896051719464
163,"11",-32.0114172846553,115.896097860531
164,"16",-32.0004119024361,115.896366437582
165,"20",-32.0002378964381,115.895995340713
166,"8",-32.0112290870366,115.896480228964
167,"3",-32.0126288371926,115.895569374687
168,"4",-32.0054330576064,115.896055928964
169,"20",-32.0083650826652,115.895689373525
170,"12",-32.0069815673637,115.895796457482
171,"22",-32.006914841079,115.896341004122
172,"17",-32.0023279562214,115.895705107101
173,"10",-32.0016744709061,115.89608271909
174,"20",-32.0095776162381,115.895896262198
175,"11",-32.0030423166136,115.895805571276
176,"25",-32.0064588133848,115.895972255289
177,"23",-32.0127324828039,115.896243249098
178,"8",-32.0131503416739,115.896476803607
179,"14",-32.0102312579191,115.895656263851
180,"21",-32.0105114167907,115.895629425811
181,"13",-32.0075331603864,115.896080559303
182,"2",-32.005673626157,115.895637149175
183,"11",-32.0032794309718,115.895701996444
184,"13",-32.0101960860133,115.895841649065
185,"14",-32.0006230426083,115.895765900947
186,"6",-32.0066536926943,115.896221585982
187,"25",-32.0098624337723,115.896195491484
188,"8",-32.0090291860992,115.896294208727
189,"12",-32.0040011911762,115.895774469999
190,"4",-32.0030704501236,115.895681956362
191,"13",-32.0053570351164,115.895962603667
192,"14",-32.0008710518856,115.896050545077
193,"21",-32.0077256321291,115.896122717714
194,"16",-32.0107012214721,115.895982893424
195,"23",-32.0068260219094,115.895629830974
196,"1",-32.0081606464798,115.896383996807
197,"8",-32.0100855515494,115.896491317928
198,"8",-32.0001945251235,115.896361965436
199,"10",-32.0068938492839,115.896352250718
200,"25",-32.0134964514232,115.895877413607
201,"8",-31.9999289188235,115.8961170765
202,"18",-32.0082316334305,115.896018342393
203,"21",-32.0135825935816,115.89553692921
204,"9",-31.9993843422505,115.896243032434
205,"7",-32.0081879151839,115.896342428504
206,"7",-31.9993063337001,115.895549115317
207,"10",-32.0116616006959,115.896393289208
208,"24",-32.0054916156949,115.895878177453
209,"22",-32.0021023411624,115.896195564301
210,"23",-32.0108690400177,115.896217311363
211,"11",-32.0033238018552,115.896182524947
212,"1",-32.005440662908,115.895800406356
213,"25",-32.0135523102962,115.895802623183
214,"19",-32.0099485173297,115.895976110398
215,"10",-32.0068236703499,115.895548482484
216,"21",-32.0001678038912,115.89599161982
217,"22",-31.9991687371092,115.896088624724
218,"13",-32.010634258414,115.895734639328
219,"11",-32.00574027114,115.896464638249
220,"11",-32.0042772640631,115.89565999466
221,"25",-32.0005438234827,115.896075237984
222,"20",-32.0030081024887,115.895920792212
223,"7",-32.0047982237512,115.895622429708
224,"25",-32.0104241668493,115.895864285207
225,"23",-32.0003239032047,115.89649872616
226,"20",-32.001979689038,115.896297886293
227,"24",-32.0091388342564,115.895849851512
228,"25",-32.0103821325343,115.896436977055
229,"9",-32.0040991100222,115.896213197379
230,"9",-32.0029583251179,115.895995243768
231,"5",-32.0069096238831,115.896312245362
232,"23",-32.0010913621922,115.896154932545
233,"14",-32.003844991484,115.895860745881
234,"14",-32.0113425688227,115.895971931552
235,"6",-32.0135234815218,115.896098357706
236,"1",-32.0010554067993,115.896226199831
237,"10",-32.0122295932977,115.895855999731
238,"17",-32.0091414092299,115.89608647845
239,"17",-32.0073563722259,115.896016603588
240,"21",-32.0047099614629,115.896093514689
241,"7",-32.0087473287706,115.896388269585
242,"21",-32.0052323196989,115.896367127556
243,"9",-32.0015867478803,115.89633120137
244,"20",-32.0088145750742,115.895661718111
245,"6",-32.0081225226559,115.895831397745
246,"18",-32.0048569269536,115.896426172455
247,"17",-32.0064622559754,115.896425039121
248,"5",-32.012104688898,115.896136497538
249,"25",-32.0013494468209,115.896292909839
250,"20",-32.0071904945874,115.896071746358
251,"3",-32.0027445117893,115.895539375686
252,"25",-32.0020851361535,115.895787657244
253,"14",-32.0079957966858,115.895980841588
254,"1",-32.0134832208229,115.895934913752
255,"2",-32.0028461435303,115.896432469887
256,"4",-32.0127015763911,115.896145680586
257,"10",-32.0059324987906,115.895500828964
258,"1",-32.0119095959577,115.895519522411
259,"5",-32.0038337580123,115.895796974569
260,"21",-32.0128821070105,115.895773746198
261,"25",-32.002049062967,115.896329471339
262,"8",-32.0040259675173,115.896221059423
263,"23",-32.0101340756087,115.896180555888
264,"25",-32.0113585624167,115.895884194893
265,"21",-32.0128532014555,115.895685273467
266,"13",-32.0134779165702,115.895711702605
267,"18",-32.0015330203346,115.896203692155
268,"10",-32.0098765926202,115.895762487775
269,"6",-32.0128909435383,115.895726348639
270,"7",-32.0086187118804,115.896093186295
271,"9",-32.0052288112293,115.895647370707
272,"16",-32.0019584131747,115.895551042099
273,"17",-32.008732120394,115.895513885029
274,"21",-32.0117311851691,115.8963081855
275,"13",-32.0024052513652,115.89630256453
276,"21",-32.0008923273919,115.895515043824
277,"8",-31.9992756666884,115.896095294719
278,"21",-32.0041396486569,115.89580736279
279,"7",-32.0099912013717,115.89610611087
280,"20",-32.0043347488241,115.895715587522
281,"18",-32.0071210592427,115.896447869341
282,"17",-32.0108243665228,115.895605905667
283,"1",-32.0048496627133,115.895619490868
284,"2",-31.9994704056533,115.89564053756
285,"17",-32.0107920540326,115.895792855366
286,"2",-32.0073525189863,115.896098736236
287,"13",-32.0087427344743,115.895709034522
288,"24",-32.0132034796606,115.895952331075
289,"17",-32.0122517009764,115.89595282944
290,"3",-32.0075792006421,115.895881763428
291,"18",-32.0130088602365,115.896487573212
292,"2",-32.0133126725561,115.895510149793
293,"5",-32.0111667241217,115.896365486941
294,"12",-32.0081799365988,115.895592698276
295,"25",-32.0051104873494,115.89568209247
296,"13",-32.0087881268148,115.895947766183
297,"10",-32.0064795950131,115.896229090063
298,"6",-32.0027160305485,115.895689962324
299,"10",-32.0112316931649,115.89563931143
300,"10",-32.0013829781059,115.895712792624
301,"6",-32.0090235782967,115.895668728226
302,"16",-32.0102852466419,115.896353035337
303,"16",-32.0091740939396,115.896240015597
304,"3",-32.0021673145364,115.89606969132
305,"4",-32.009984186863,115.896355336193
306,"3",-32.0002267765243,115.895648278642
307,"23",-32.0115340389365,115.89587745711
308,"3",-32.0105394240259,115.895819643475
309,"16",-32.0045590595476,115.895529931939
310,"2",-32.0099467754702,115.895887859046
311,"15",-32.0033752632834,115.896209439025
312,"23",-32.0028608838127,115.895748158788
313,"3",-32.0098695966548,115.896147900364
314,"9",-32.0053397508046,115.895667509521
315,"7",-32.0003315300342,115.896272392679
316,"9",-32.0033570672652,115.895979342406
317,"4",-32.0013724159673,115.895560370255
318,"2",-32.0002688407533,115.896270712304
319,"22",-32.0093983337531,115.89637701166
320,"12",-32.004200471102,115.896089730587
321,"9",-32.0116302136217,115.896109767718
322,"11",-32.0012384374438,115.895920682804
323,"7",-32.0039763034052,115.895548514661
324,"13",-32.0029934304818,115.896150925467
325,"5",-32.0091047909001,115.896001897595
326,"11",-32.0039513180735,115.896286378525
327,"1",-32.0069272540119,115.896047026558
328,"19",-32.0042058692033,115.89594412696
329,"12",-32.0022276819611,115.896337797398
330,"2",-32.0005351186687,115.896175734974
331,"21",-32.0059998497969,115.895551661892
332,"17",-32.0113916078936,115.895625985954
333,"12",-32.0097635662046,115.896326372059
334,"3",-32.0117357128692,115.895901428744
335,"25",-32.0102316596924,115.896005077991
336,"18",-32.0031433733176,115.895837133783
337,"15",-32.0045439686892,115.896123840071
338,"22",-32.0070954784066,115.89607756362
339,"3",-32.0044391181862,115.895722248051
340,"19",-32.0059693455586,115.896139573693
341,"25",-32.008880446768,115.895856744916
342,"18",-32.0024472345338,115.895950808876
343,"17",-32.0044291581366,115.895900691819
344,"6",-32.0023942902136,115.895721774423
345,"10",-32.0110888022066,115.895747875
346,"8",-32.0079125268026,115.895676259533
347,"10",-31.9996443483592,115.895932306951
348,"13",-32.008191221159,115.896109693624
349,"20",-32.012567697733,115.895909054722
350,"6",-32.0059717074079,115.896412583474
351,"20",-31.9998340296926,115.895781048859
352,"20",-32.0012007494103,115.895715601249
353,"9",-32.0056782323,115.896052420159
354,"16",-32.003991678291,115.895850193289
355,"8",-32.0063934572058,115.896438046422
356,"7",-32.0002085464516,115.896129557105
357,"10",-32.0123578518785,115.895936979673
358,"17",-32.0064444809808,115.89578957715
359,"18",-32.0022795282272,115.895536663151
360,"8",-32.0010002356374,115.896048381134
361,"19",-32.0005373359921,115.895820374064
362,"10",-32.0018538156769,115.895981019061
363,"23",-32.0114555474403,115.896309306874
364,"11",-32.0030455225737,115.895718800227
365,"17",-32.0026112571763,115.895589376316
366,"12",-32.0040520354838,115.896297137798
367,"2",-32.000442687741,115.89567440707
368,"19",-32.0080091555495,115.896301309484
369,"13",-31.9997281161656,115.895536942214
370,"13",-32.007033839008,115.896347115306
371,"19",-32.0108528745197,115.896321639211
372,"22",-32.0050754991977,115.896397600418
373,"10",-32.0114311790763,115.895874296885
374,"16",-32.006115357249,115.895806301347
375,"5",-32.0076725405125,115.896418964058
376,"4",-32.0016226325264,115.895821151257
377,"18",-32.005478800149,115.896425317453
378,"1",-32.0070354579649,115.896103037798
379,"16",-32.0108917100709,115.896081164518
380,"17",-32.0068095762116,115.8962356792
381,"12",-32.0103054964318,115.895899678699
382,"21",-32.0091144362231,115.895867069036
383,"2",-32.0010439601387,115.895931211371
384,"18",-32.0072031853168,115.895836021848
385,"12",-32.007364645084,115.896198086792
386,"15",-32.0068002140153,115.895768198177
387,"19",-32.0015323349996,115.896353492402
388,"21",-32.0135490198255,115.896430856708
389,"6",-32.009186709673,115.895964692032
390,"16",-32.0124421666163,115.895506067971
391,"15",-32.0016840964416,115.896440810884
392,"19",-32.0068218346791,115.895933457628
393,"3",-32.005927895486,115.89633320125
394,"14",-32.007927226735,115.896015241027
395,"1",-32.0070652173256,115.895980038196
396,"24",-32.0120224461726,115.895644661127
397,"1",-32.0132460736952,115.895557945755
398,"16",-32.0133611211707,115.89615003905
399,"11",-32.0125682175582,115.895873553783
400,"4",-32.0084216460079,115.895524586551
401,"24",-32.0025834326142,115.895574833464
402,"12",-32.0028480880306,115.896330203278
403,"13",-32.0122736938293,115.896234294305
404,"10",-31.9996561809045,115.895548120136
405,"10",-32.0116092153441,115.896225076203
406,"24",-32.0066239385787,115.895513806717
407,"7",-32.0054522995433,115.896110956512
408,"18",-32.000088338379,115.895722563603
409,"17",-32.001727638348,115.89612049131
410,"20",-32.0059169876223,115.89606437873
411,"9",-32.0080867528866,115.896007469573
412,"21",-32.0057285706415,115.895757340217
413,"11",-32.0020677721512,115.895858907589
414,"12",-32.0045407869119,115.895787982937
415,"8",-32.0121822277904,115.895690012896
416,"18",-32.0108969093592,115.896130510223
417,"5",-32.0014051876692,115.895510771491
418,"18",-32.006701101458,115.895644822454
419,"6",-32.002351995415,115.896009368166
420,"10",-32.0017545846293,115.89596579301
421,"9",-32.0093647644773,115.896021044448
422,"11",-32.0103900348861,115.89619073436
423,"23",-32.0046427747597,115.896499941356
424,"6",-32.0082414166369,115.896448869486
425,"12",-32.0007648026954,115.896452449405
426,"19",-32.0118672385265,115.896184191405
427,"24",-32.0113932497756,115.89623614705
428,"23",-32.0043784471234,115.89645680566
429,"4",-32.0109824937968,115.895707260221
430,"24",-32.0039981732771,115.89617478325
431,"3",-32.0062244225236,115.895597681246
432,"14",-32.0028723503287,115.895998706974
433,"8",-32.0087869097672,115.896258050633
434,"6",-32.0120754806362,115.895512018583
435,"4",-32.0078265714848,115.895659876244
436,"23",-32.0057765983922,115.895610351946
437,"10",-32.0028921852069,115.896302990178
438,"16",-32.011180476818,115.895874877427
439,"24",-32.0051373127677,115.896130638615
440,"16",-32.0064022404831,115.896261851346
441,"20",-32.0000291649238,115.895748619792
442,"10",-32.0004095745903,115.895873531832
443,"25",-32.0114675635052,115.895839475194
444,"6",-32.009213456424,115.896206658352
445,"19",-32.0035049051423,115.896071662958
446,"4",-32.0025570574777,115.895643707087
447,"9",-32.0062559030419,115.895796657427
448,"25",-32.0103897832883,115.895891992471
449,"4",-32.0112784232087,115.896022202988
450,"15",-32.0090843976008,115.896085898181
451,"20",-32.0130438601397,115.895809076184
452,"22",-32.0039243011643,115.895859653278
453,"21",-32.0028043532701,115.896429308573
454,"17",-32.0100714129072,115.896044918007
455,"24",-32.0068824829563,115.896089025523
456,"7",-32.0130534050295,115.895751190535
457,"15",-32.012265317856,115.895888767195
458,"5",-32.0006024199462,115.896145926256
459,"14",-32.0047188321471,115.895865266053
460,"22",-32.0043456339973,115.89596769915
461,"15",-32.0069693690337,115.895677018091
462,"15",-32.0096159207872,115.895981236949
463,"16",-31.9999037264081,115.896431580249
464,"19",-32.0133631528229,115.89552566043
465,"8",-32.0111112341981,115.895883183902
466,"5",-31.999517149342,115.895750261022
467,"7",-32.0020238287569,115.896077646823
468,"20",-31.999105095194,115.89556815892
469,"16",-32.0098931455906,115.896150364691
470,"16",-32.0052001331878,115.895554167938
471,"9",-32.0126445051753,115.895791063724
472,"11",-32.0019866579753,115.895810694371
473,"11",-32.0008437456699,115.895941692827
474,"19",-32.0007114087291,115.895936126099
475,"10",-32.0135346256999,115.896492179237
476,"23",-32.0101755517337,115.896111641621
477,"2",-32.0048338740953,115.895815001498
478,"25",-32.0084042797519,115.896362421339
479,"6",-32.0033455535733,115.895837695899
480,"20",-32.0130857347746,115.896171623394
481,"14",-32.0041053029509,115.896399515088
482,"14",-32.0103319341465,115.896344247791
483,"6",-32.0097145303596,115.895589599432
484,"18",-32.002995808845,115.895799336317
485,"2",-32.0110974594675,115.896030868537
486,"24",-32.0080697396779,115.895879101974
487,"8",-32.003708423414,115.896345250867
488,"11",-32.0076382107052,115.896361076566
489,"21",-32.0057844371528,115.896181338284
490,"25",-32.0070542277488,115.896000481597
491,"7",-32.0118448592008,115.896300949106
492,"19",-32.0132447100074,115.895546454861
493,"23",-32.0112814632238,115.895761778255
494,"8",-32.0020363416097,115.895698621453
495,"10",-32.0116211346539,115.896316147819
496,"5",-32.0126131637098,115.896343174823
497,"17",-32.0132828194896,115.89633280636
498,"23",-32.0076060782128,115.89577068677
499,"6",-32.0012311906523,115.895519493923
500,"8",-32.0088748614692,115.896130600473
501,"20",-32.007211226871,115.89624805827
502,"6",-32.0076631447546,115.896005673847
503,"15",-32.0085644385523,115.895864629667
504,"17",-32.0001533859194,115.895809821069
505,"3",-32.0001212034774,115.895859604372
506,"15",-32.0096081578656,115.895862874304
507,"20",-32.0030520747365,115.896038649188
508,"1",-32.010534940466,115.896152367651
509,"5",-31.9999723824502,115.895903411977
510,"11",-32.0127612349915,115.896083001798
511,"15",-31.9992654338563,115.896195773461
512,"20",-32.0106309561884,115.896391523352
513,"2",-32.0090494264763,115.896447959125
514,"16",-32.0119221596576,115.895920810765
515,"23",-32.0051704720065,115.896136603921
516,"19",-32.0040881861919,115.895677949399
517,"10",-31.9991559905969,115.895580316577
518,"19",-32.0108666135234,115.896065883392
519,"17",-32.0017791479005,115.896316989356
520,"7",-32.0046559999245,115.896259698966
521,"6",-31.9993101362149,115.89607182395
522,"12",-32.0072498373087,115.896488754352
523,"4",-32.0031268957477,115.896495171514
524,"21",-32.0125926101016,115.895821437441
525,"23",-32.0044969958212,115.895672017919
526,"19",-32.0105670378093,115.895872078433
527,"2",-32.0002807377432,115.896038948917
528,"24",-32.0018455007521,115.896311244924
529,"4",-32.001200707466,115.896198684629
530,"22",-32.0017753442096,115.896399953409
531,"23",-32.0076103153214,115.896223258683
532,"11",-31.9994277830847,115.895755050046
533,"22",-32.0064092905657,115.895808671666
534,"1",-32.0064208536974,115.896246837363
535,"22",-32.0086853051188,115.895705246212
536,"24",-32.0127166988464,115.895785983316
537,"19",-32.0004524660524,115.896398870801
538,"18",-32.0104716518599,115.895667980036
539,"16",-32.009354107161,115.8956435966
540,"3",-32.0040852800457,115.896233476308
541,"1",-32.0054273493198,115.896042835635
542,"2",-31.9995191311057,115.896042406289
543,"2",-32.0121679893949,115.896203151778
544,"8",-32.005760535683,115.8961514843
545,"20",-32.0003355668307,115.896261207105
546,"14",-32.0009551139072,115.895780787559
547,"25",-32.0004937319256,115.896484090994
548,"13",-32.0023298037729,115.896463671395
549,"7",-32.0112593023763,115.895528090234
550,"8",-32.0119277803265,115.896247066851
551,"3",-32.011972905694,115.895866776679
552,"22",-32.007391813168,115.895854052476
553,"16",-32.0023501502838,115.895519396701
554,"22",-32.000500167811,115.896258893885
555,"24",-32.0074735923101,115.895657618344
556,"1",-32.0018811378491,115.895612275675
557,"12",-32.0068617234848,115.896213813695
558,"18",-32.003792394779,115.895945218952
559,"21",-32.0026226020916,115.895526140823
560,"14",-32.003722949617,115.896419744929
561,"8",-32.0013253376454,115.896284930361
562,"24",-32.0091510793203,115.895925109382
563,"23",-32.0110316046819,115.895629138556
564,"5",-32.0123346055169,115.896318718016
565,"17",-32.0134839989323,115.896216806726
566,"25",-32.0005247657791,115.895912187303
567,"25",-32.0020776273962,115.895674911703
568,"11",-32.0125645302806,115.895510780144
569,"23",-32.0122145508797,115.895840902735
570,"4",-32.0111611754642,115.895689372091
571,"13",-32.0059813009012,115.89606234253
572,"8",-32.0029644153868,115.896088129386
573,"15",-32.0119740074908,115.895781755876
574,"4",-32.012189784876,115.896425988877
575,"13",-32.0056369534244,115.89620402243
576,"3",-32.0094584289087,115.89577645603
577,"7",-32.0072695683408,115.896215181472
578,"1",-32.0119707131551,115.896108717904
579,"6",-32.0002443683189,115.89590821451
580,"13",-32.0030041933302,115.895667317669
581,"17",-32.0069616552392,115.895524463019
582,"23",-32.0038842093678,115.895654706086
583,"21",-32.0094879815971,115.896086582407
584,"6",-32.0040136969957,115.895718485996
585,"10",-32.0082239978103,115.89554439165
586,"13",-32.0039045162902,115.896414510061
587,"6",-32.0076742213814,115.896370143407
588,"9",-32.0033147245802,115.896326470734
589,"8",-32.0095962910244,115.896109670765
590,"1",-32.0029149146226,115.896223631951
591,"16",-32.005306146774,115.896296883646
592,"22",-32.0133423586104,115.896367673872
593,"2",-32.0084046570058,115.896200339772
594,"8",-32.0072636006244,115.895835627944
595,"14",-32.0078103314905,115.895997640481
596,"12",-32.0057463263483,115.896276246246
597,"8",-32.0010973310134,115.895919158654
598,"9",-32.0025211500186,115.896083021489
599,"8",-32.0127448401408,115.895800554024
600,"25",-32.0119842375525,115.895647065835
601,"9",-32.0091770921736,115.895775553899
602,"20",-32.0091932967163,115.895702969243
603,"1",-32.003007882797,115.895725195398
604,"3",-32.0116342261605,115.896019959896
605,"8",-31.9994274307308,115.896420623169
606,"2",-32.0012199343677,115.896081460054
607,"1",-32.0051747135104,115.895761500598
608,"9",-32.0005663618936,115.895873969397
609,"23",-32.0135635696708,115.896063538903
610,"7",-32.0022454665417,115.895659505761
611,"13",-32.0004460984255,115.89617080234
612,"20",-32.0120826476251,115.895518268881
613,"14",-32.0068990133517,115.89551238824
614,"16",-32.0038545153932,115.896164667494
615,"7",-32.0069043940722,115.895705563725
616,"4",-32.0009247000909,115.895883893168
617,"13",-32.0078441511711,115.895659503632
618,"12",-32.0054263968725,115.896208552474
619,"25",-32.0041558961059,115.896114750859
620,"13",-32.0095293679493,115.89556106535
621,"20",-32.0006776051784,115.895906255422
622,"10",-32.0116747851708,115.895605041742
623,"9",-32.0055649655384,115.895902505601
624,"12",-32.0100072449767,115.895955676587
625,"8",-32.0126253499076,115.896124645246
626,"7",-32.0025653300706,115.89557885528
627,"25",-32.0048470158712,115.895841982725
628,"15",-32.0088382895674,115.895523686291
629,"19",-32.0004189111659,115.895841516438
630,"17",-32.0050856029267,115.896283361223
631,"11",-31.9998821843503,115.896241210232
632,"7",-32.0005259741346,115.896316171109
633,"19",-32.0080502666343,115.895555563316
634,"23",-32.0032101774741,115.895651513538
635,"3",-32.0016207329993,115.896153105948
636,"6",-32.0003581981486,115.895892788994
637,"7",-32.0117929655378,115.895683773729
638,"4",-32.0130515106795,115.895628402957
639,"10",-31.9992717855301,115.895628896336
640,"17",-32.0080136014346,115.896124160754
641,"16",-32.0033186201686,115.896002002736
642,"8",-32.0060212748771,115.895988161806
643,"21",-32.0080512413813,115.896372816388
644,"3",-32.0032089242713,115.895692297662
645,"12",-32.0008493615253,115.896259703308
646,"21",-32.0119310611329,115.895719401079
647,"14",-32.0083410373427,115.895656652297
648,"5",-32.0021669947922,115.895644099411
649,"14",-32.0105522366143,115.896386355443
650,"6",-32.0046373892902,115.896168717396
651,"9",-32.0081852535888,115.895956800217
652,"1",-32.0048810846204,115.896216003178
653,"20",-32.005458033284,115.896207156685
654,"14",-32.003561127818,115.896146718056
655,"19",-32.0018135021763,115.896415973309
656,"5",-32.0070762101759,115.895699645065
657,"2",-32.008298515452,115.895934992756
658,"1",-32.0016891780417,115.895537035899
659,"20",-32.0062156856369,115.895657417115
660,"4",-32.0028729053505,115.89620224753
661,"11",-32.0012996582186,115.896240078432
662,"5",-32.0072716241554,115.895929731046
663,"22",-32.0077737387237,115.89585093396
664,"4",-32.0012766028822,115.895984288794
665,"19",-32.0030854406645,115.895523608158
666,"3",-32.0047199743279,115.896348993917
667,"1",-32.003479984476,115.896152646587
668,"7",-32.002776674726,115.895685790498
669,"5",-32.0098770244163,115.8960473767
670,"23",-32.0096675288863,115.89637369136
671,"9",-32.0107878289338,115.895729505307
672,"25",-31.9999322584451,115.895839733158
673,"24",-32.0097412730552,115.896276180415
674,"17",-32.0064232337229,115.895737864774
675,"21",-32.013164356924,115.895576415955
676,"5",-32.0019946364006,115.895918494606
677,"24",-32.0077837213381,115.895699444274
678,"12",-32.0069821617837,115.896151739018
679,"2",-32.0001051786027,115.896121699951
680,"22",-32.0080077414055,115.89591792073
681,"18",-32.0028110810115,115.895648687169
682,"4",-32.0022593159488,115.895683925193
683,"10",-32.0106711387028,115.895925360487
684,"15",-32.0128747097478,115.895889115815
685,"23",-32.0088598980277,115.895557252913
686,"22",-32.0037164442902,115.895505512093
687,"8",-32.002490495683,115.896382998963
688,"1",-32.0041654788847,115.89580554727
689,"24",-32.0000664616846,115.896462477076
690,"11",-32.0136486671071,115.896175792863
691,"5",-32.0081755192476,115.896354297548
692,"11",-32.0043019208532,115.895932796152
693,"15",-32.0122535398766,115.896425596634
694,"15",-32.013480073457,115.896254376786
695,"25",-32.0115309499711,115.895777043642
696,"24",-32.0028184694258,115.896186510188
697,"10",-32.0012498974365,115.896421347254
698,"15",-32.0089557963237,115.89624074592
699,"15",-32.009806625172,115.89617250605
700,"20",-32.0101442073448,115.896244102398
701,"12",-31.9997387457434,115.895613356044
702,"9",-32.0064398764049,115.895541054267
703,"25",-32.0035610069992,115.895873120608
704,"4",-32.0003390740561,115.896001659466
705,"3",-32.0048097419098,115.89645038419
706,"7",-32.0098659106757,115.896448456362
707,"4",-32.0002836112286,115.896144618319
708,"24",-32.0033104490524,115.895815441202
709,"8",-32.0130601025305,115.896032366171
710,"21",-32.0044507886483,115.896174654495
711,"5",-32.0012501071376,115.896357196949
712,"24",-32.0119612004535,115.896057010383
713,"6",-31.9998002466126,115.895594393153
714,"4",-32.0131037380476,115.896211240462
715,"3",-32.0112092402675,115.896335221615
716,"11",-32.0133619602199,115.895892799435
717,"10",-32.0080073153644,115.895694727045
718,"23",-32.0033445537427,115.895758395697
719,"5",-32.0041259690326,115.895537146326
720,"24",-32.0066023163342,115.896028683465
721,"25",-32.012521441824,115.896090762299
722,"11",-31.9995688877509,115.89608231322
723,"10",-32.0055200161676,115.896397044356
724,"15",-32.0032331700453,115.895926484208
725,"19",-32.009561998562,115.89573758246
726,"10",-32.0019871076077,115.896012540944
727,"13",-32.0045133973685,115.895566508495
728,"24",-32.0004291706861,115.89615959275
729,"3",-32.0079165722402,115.8962346182
730,"18",-32.0091990475556,115.895718820211
731,"10",-32.0030172652194,115.895689816519
732,"8",-32.0035528749004,115.896372789691
733,"12",-32.0073446175829,115.895791866863
734,"10",-32.0019102096006,115.8964861235
735,"7",-32.0092380495447,115.896229145849
736,"7",-32.0003474924258,115.896430189698
737,"6",-32.0045044909132,115.896251759903
738,"17",-32.0023534018323,115.895824764051
739,"20",-32.0032296991723,115.895875407154
740,"1",-32.0040176276346,115.895534160232
741,"5",-32.0034348567901,115.89639482704
742,"10",-32.0108875166199,115.896021611276
743,"13",-32.0049680580674,115.895844802689
744,"10",-32.0024993103803,115.896310644338
745,"2",-32.0102489113945,115.896291824071
746,"15",-32.0036032814868,115.896281746942
747,"23",-32.012353309466,115.896032038792
748,"15",-32.0029391978913,115.895609395971
749,"8",-31.9999076563569,115.896388339509
750,"3",-32.0040043202843,115.895632822327
751,"2",-32.00395573261,115.896329774597
752,"6",-32.0075676835543,115.896053197744
753,"14",-32.0116856829317,115.896057270847
754,"15",-32.0068472693407,115.896234369209
755,"19",-32.0123311880575,115.89588845658
756,"9",-32.0026905290731,115.896308649833
757,"23",-32.0083516125788,115.896352104649
758,"25",-32.0054052088274,115.896292862011
759,"15",-32.0081078888132,115.895916983287
760,"22",-32.0107327149793,115.895666528302
761,"16",-32.0058851253663,115.896224840855
762,"8",-32.0080666301636,115.895594658036
763,"9",-32.0011106337543,115.895556874051
764,"21",-32.012333972246,115.895522082589
765,"23",-32.0127736513475,115.89615228765
766,"16",-32.0112652450566,115.896193196949
767,"9",-32.0000394336222,115.895685099222
768,"2",-32.007239368961,115.896296196336
769,"24",-32.0038538142717,115.896290799196
770,"9",-32.013173261214,115.896131508268
771,"11",-32.0068610521142,115.89645533281
772,"24",-32.0130334578749,115.895644771557
773,"11",-32.0046475080715,115.895561053313
774,"4",-32.0010725769719,115.896441526371
775,"7",-32.0108403102555,115.896346741538
776,"24",-32.0095813625824,115.895855636626
777,"18",-32.0010682685046,115.895901278497
778,"11",-32.0132322883111,115.896462383265
779,"22",-32.0022776115198,115.895597384118
780,"1",-32.0070559853881,115.896209320938
781,"11",-32.0125302204272,115.896053734296
782,"6",-32.0004612912978,115.896383037838
783,"21",-32.0109405028436,115.896232982308
784,"10",-32.0028070003229,115.896129527519
785,"25",-32.0073991644345,115.895655500763
786,"18",-32.0039102299205,115.895974225449
787,"3",-32.0109632122951,115.895935187418
788,"3",-32.0008265496759,115.895655638039
789,"2",-32.0129865352524,115.896333137265
790,"8",-32.0104850086535,115.895788246661
791,"13",-32.0098777131949,115.896135886608
792,"8",-32.0024987354011,115.895981213637
793,"2",-32.0080649474388,115.89606607019
794,"6",-32.0096328326076,115.896111056643
795,"23",-32.0125668135238,115.895606050216
796,"17",-32.0063955490023,115.895986749889
797,"14",-32.0071088088384,115.89566235793
798,"7",-31.9992956164469,115.895929372489
799,"13",-32.011624838629,115.896170475507
800,"8",-32.0015259980279,115.896072791463
801,"6",-32.0132688694454,115.895766875816
802,"11",-32.0023301229255,115.8958000099
803,"10",-32.0103613604717,115.895510692662
804,"17",-32.0117456422706,115.895796000885
805,"7",-32.0109170805125,115.896203805831
806,"23",-32.01054837626,115.895572737131
807,"12",-32.0000610976751,115.896474643589
808,"19",-31.9992632622436,115.896301299335
809,"17",-32.0091736360434,115.896391002634
810,"8",-32.0116978891618,115.896018716434
811,"15",-32.0040496072218,115.895843407121
812,"14",-32.0051602646999,115.895966677605
813,"14",-32.0086766461447,115.895608641022
814,"17",-32.0018162345387,115.895729371392
815,"1",-32.0095655141906,115.895874874254
816,"18",-32.0013507205149,115.895902154687
817,"18",-32.0116994804719,115.896165937515
818,"20",-32.0011155627586,115.895638566391
819,"10",-32.0127200389643,115.8959643964
820,"10",-32.0073459568431,115.895647020643
821,"21",-32.003770029591,115.896052827845
822,"9",-32.0106949269647,115.895527495218
823,"19",-31.9999389299072,115.89630498164
824,"23",-32.0081618726376,115.896336875867
825,"23",-32.0045568939381,115.895701424506
826,"18",-32.0110208649319,115.896050119818
827,"18",-32.0040755687724,115.896112952264
828,"12",-32.002973483504,115.895632044977
829,"12",-32.0064630802783,115.896197298896
830,"21",-32.0010167063407,115.896377744746
831,"24",-32.001555166011,115.89645039568
832,"4",-31.9993438371501,115.896233880467
833,"20",-32.003963986714,115.895501713284
834,"23",-32.0043142419261,115.89627107212
835,"10",-32.0130408788412,115.895844201238
836,"5",-32.0109136419398,115.89591068994
837,"2",-32.0132242262418,115.895503133139
838,"18",-32.0013309606224,115.895836194328
839,"12",-32.0075029240626,115.895824385395
840,"13",-32.0017688297963,115.895960945137
841,"11",-32.011485764099,115.896325324721
842,"19",-32.0077746760577,115.896157147547
843,"6",-32.0031513695996,115.895866617715
844,"18",-32.0128293461044,115.896288119866
845,"10",-32.0088769013409,115.895881641463
846,"9",-32.0023592455718,115.896444022741
847,"3",-32.0014292935609,115.896271816384
848,"22",-32.0009895096581,115.895805351436
849,"19",-31.9997855882369,115.89574096158
850,"8",-32.0080942460138,115.895654918345
851,"13",-31.9998207732879,115.896388148888
852,"1",-32.0034200724659,115.896040168671
853,"2",-32.0075390716502,115.89640647774
854,"11",-32.007986785028,115.896498744879
855,"16",-32.0106257255142,115.896055207258
856,"5",-32.0027137893584,115.895834101408
857,"21",-32.0072018633829,115.896168696791
858,"4",-32.0070816033006,115.896374036455
859,"23",-32.0124845374544,115.896477935023
860,"3",-32.0083685321802,115.895903964654
861,"15",-32.0006336875749,115.896234376102
862,"10",-32.0057512074493,115.895816131802
863,"7",-32.0132499248306,115.895956635249
864,"7",-32.0080288769854,115.895738722753
865,"2",-32.0120444294087,115.896192342669
866,"18",-32.0096520848989,115.895916348196
867,"18",-32.0031950104673,115.896189798439
868,"3",-32.0082100322992,115.896449682663
869,"8",-32.004436884665,115.895550946756
870,"14",-32.00644748223,115.896118615545
871,"9",-32.0019106977168,115.89624665215
872,"15",-32.0052000492414,115.89618698744
873,"17",-32.0111886130707,115.896374473878
874,"7",-32.0000155508216,115.896299191204
875,"8",-32.0129143612294,115.89638255576
876,"1",-32.0124264100675,115.896480855226
877,"9",-32.0014132531173,115.896048589495
878,"3",-32.0075550167902,115.896281012963
879,"25",-32.0032247036295,115.896079484195
880,"2",-32.0029521993259,115.895576773898
881,"11",-31.9992829300414,115.895968793058
882,"4",-31.9996698800546,115.895650682332
883,"8",-32.0116298114778,115.896056273399
884,"20",-32.0039917107886,115.895555978838
885,"11",-32.0132159480638,115.896236541554
886,"18",-32.0064801050821,115.89550219597
887,"22",-32.0021462546289,115.895587314504
888,"14",-32.0081635375976,115.896401602015
889,"3",-31.9998548293237,115.89647415794
890,"23",-32.0040541336064,115.895810750598
891,"3",-32.0073816296092,115.896141993849
892,"14",-32.0014552340663,115.896153567733
893,"7",-32.0019513986456,115.896112281953
894,"23",-32.0074648903447,115.896381321313
895,"15",-32.008890898561,115.896281496428
896,"23",-32.0054504085111,115.895804384056
897,"23",-32.0011260540891,115.895554013234
898,"24",-32.0051462830386,115.895946318725
899,"8",-32.004281246127,115.895926017517
900,"1",-32.0025005725846,115.896136926776
901,"5",-32.0035842874492,115.896244702401
902,"25",-32.0010447538307,115.896089352322
903,"17",-32.0123174157369,115.895962853739
904,"6",-32.0047948863051,115.895719372194
905,"25",-32.010183228071,115.895953479378
906,"10",-32.0068432317794,115.896267554111
907,"24",-32.0095547375341,115.89575823995
908,"12",-32.000290757332,115.896207341745
909,"8",-32.007863736882,115.89627872555
910,"16",-32.0054459679595,115.895886501422
911,"7",-32.0125191956198,115.895808560619
912,"7",-31.9999365773007,115.895610781809
913,"1",-32.0029576323621,115.8959798906
914,"25",-32.0067604416434,115.896236742089
915,"24",-32.0110450885695,115.89601772221
916,"11",-32.0030366435441,115.896423284923
917,"3",-32.0047264451583,115.895514458583
918,"24",-32.0128087927851,115.896416286319
919,"22",-32.0129218874048,115.896079609635
920,"17",-32.0070532578018,115.896308568853
921,"20",-32.0110579528006,115.895933558797
922,"3",-32.0065269335093,115.89581449992
923,"14",-31.9993646768559,115.895908825775
924,"5",-32.010427817234,115.895797589201
925,"23",-32.0032970816325,115.895620145222
926,"18",-32.0115081595341,115.895778371958
927,"24",-32.0060244027444,115.895775559101
928,"8",-32.0016042529785,115.895840280444
929,"20",-32.011847836053,115.895518340933
930,"24",-32.0017326240871,115.896260895356
931,"10",-32.010108350121,115.895947165117
932,"22",-32.0122835377035,115.896101177753
933,"18",-32.0113099587792,115.89560489339
934,"17",-32.004000414022,115.895531701093
935,"9",-32.0038095494949,115.895684627243
936,"3",-32.0117589026082,115.895531401214
937,"5",-31.9993989498232,115.896438818556
938,"21",-32.0115594578559,115.895990891304
939,"25",-31.9999494753925,115.896302482598
940,"16",-32.0034748645246,115.896059593531
941,"20",-32.0054077416085,115.895609860158
942,"3",-32.0101033047543,115.895510514198
943,"3",-32.0087232756263,115.895932310796
944,"22",-32.0014394755969,115.895707122196
945,"13",-32.0002457865931,115.896306289934
946,"4",-32.006175672647,115.896010993918
947,"15",-32.0007335619044,115.896038686545
948,"23",-32.0034205458359,115.896428100061
949,"25",-32.0075130632705,115.895576167746
950,"19",-32.0093160710907,115.895522064221
951,"13",-31.9996345871667,115.896057826151
952,"12",-32.0118776192973,115.895604658766
953,"22",-32.0037670282195,115.895763087521
954,"21",-32.0017303485026,115.895640002782
955,"25",-32.0105423876003,115.895652983409
956,"20",-32.0050263271858,115.896069615796
957,"13",-32.0113392394126,115.895558549269
958,"13",-32.007779312815,115.896129617035
959,"3",-32.0102122775536,115.896236000303
960,"23",-32.0059970568551,115.895874222953
961,"20",-32.0039040599033,115.896205223096
962,"5",-32.0004495514351,115.895553445219
963,"24",-32.0088411611356,115.896083758064
964,"13",-32.0101589671088,115.895764166613
965,"23",-32.0091741644518,115.895680024056
966,"12",-32.0103886391903,115.895787573994
967,"8",-32.0119041542362,115.896103837982
968,"6",-32.0097907678672,115.895919731155
969,"24",-32.0002146568989,115.896136088422
970,"16",-32.0128753312706,115.896447693026
971,"11",-32.0063787548564,115.896025834768
972,"23",-32.0021107253315,115.895749275776
973,"12",-32.0014662607603,115.896243044209
974,"16",-32.0052864044425,115.896030395628
975,"15",-32.0101689886863,115.895636336868
976,"1",-32.0052018915171,115.895740281187
977,"22",-32.0116922727182,115.895618263707
978,"12",-32.0066524000694,115.895607445561
979,"10",-32.0123321900534,115.896150778005
980,"22",-32.0092474448913,115.896237594806
981,"10",-32.003820101823,115.895947200106
982,"4",-32.0107050291709,115.895646714577
983,"9",-32.0079341898119,115.896340522601
984,"25",-32.0019783446516,115.896496882973
985,"20",-32.0103665178599,115.895519454765
986,"5",-32.0125771502393,115.896036874603
987,"9",-32.0023379163459,115.896296386631
988,"19",-32.0039159604284,115.896024023162
989,"3",-32.0062377987647,115.895746600081
990,"2",-32.0105755699205,115.895973471882
991,"23",-32.0109596778376,115.895792176352
992,"12",-32.0047772512337,115.896467382594
993,"15",-32.0131343742513,115.896199094995
994,"17",-32.0103501679211,115.896246631521
995,"3",-32.001670506811,115.895513631938
996,"7",-32.0093146235517,115.895900910674
997,"13",-32.0134650595831,115.895953866933
998,"14",-31.9996608795602,115.895621768855
999,"2",-32.0124188982746,115.895757201276
1000,"9",-32.002778858403,115.895649465684
1001,"15",-32.0014942800971,115.895916978185
1002,"21",-32.0134666841931,115.895716229922
1003,"1",-32.0012482221256,115.896022691287
1004,"10",-32.0056656599285,115.896387807121
1005,"9",-32.0087405638372,115.896016633889
1006,"9",-32.0089447526705,115.895925053626
1007,"7",-32.0043673863647,115.895795241358
1008,"18",-32.0118334294689,115.895724465438
1009,"12",-32.0091576319182,115.895553177555
1010,"24",-32.0051869939444,115.896285837002
1011,"23",-32.0026157349166,115.896458155289
1012,"6",-32.0056451341302,115.896410716447
1013,"7",-32.0036583053422,115.895791908256
1014,"16",-32.0082795406716,115.895743674487
1015,"16",-32.0004614958897,115.895807766717
1016,"2",-31.9994542642734,115.895828184248
1017,"2",-32.0025150249508,115.896114613716
1018,"14",-32.0135209147406,115.896135059638
1019,"21",-32.0060699819527,115.895608076147
1020,"23",-32.0020339247287,115.895998067357
1021,"25",-32.010671148673,115.895547568966
1022,"7",-32.0080602859547,115.89615776332
1023,"6",-32.005781211429,115.89645459345
1024,"4",-32.0028339049999,115.896456753863
1025,"3",-32.0088333464967,115.896410362766
1026,"14",-32.0089562375224,115.895975923888
1027,"19",-32.0075133516626,115.895869225811
1028,"14",-32.0096660003039,115.895889469385
1029,"16",-32.0045590838154,115.89644077751
1030,"10",-32.0130634714645,115.896186308812
1031,"12",-32.0048445921134,115.895916964253
1032,"18",-32.0076110831853,115.895980322364
1033,"3",-32.0130631622719,115.896247085622
1034,"1",-31.9991962469888,115.896234921069
1035,"12",-32.0045522088015,115.895971181147
1036,"17",-32.0014529337856,115.895911389876
1037,"1",-32.007902564404,115.89590207907
1038,"4",-31.999784900808,115.896171306154
1039,"19",-32.0081753924085,115.896190746092
1040,"13",-32.0017295317224,115.895558939238
1041,"18",-32.0135944923493,115.895960201045
1042,"15",-32.0009433572484,115.89600554658
1043,"13",-32.0126204176943,115.895657169546
1044,"14",-32.0017761179373,115.895802851785
1045,"23",-32.0051437716665,115.895700214765
1046,"18",-32.0037319032244,115.895616916601
1047,"12",-32.0032732972356,115.896351313737
1048,"18",-32.0096104629325,115.895839777961
1049,"7",-32.0038667020499,115.895561780397
1050,"4",-32.0093632250749,115.896145051692
1051,"4",-32.0053627316889,115.896263687839
1052,"24",-32.0129012897516,115.89603678722
1053,"25",-32.0086249171146,115.896002446453
1054,"3",-32.0064338853691,115.896255996992
1055,"25",-32.0059373408231,115.896386022432
1056,"11",-32.0017897816901,115.896326621749
1057,"19",-32.0062492335888,115.896000882809
1058,"16",-32.0013053912965,115.896296296122
1059,"15",-32.0050247841971,115.895692874449
1060,"11",-32.0058467287464,115.895872783856
1061,"6",-32.0045452099638,115.895907197573
1062,"5",-32.0094371823816,115.895592063258
1063,"2",-32.0054183085809,115.895502009784
1064,"22",-31.9991073002561,115.895889610261
1065,"17",-32.0002613720605,115.895658548659
1066,"5",-32.0024675893697,115.896378930173
1067,"19",-32.0013815024103,115.896090478992
1068,"15",-32.0002347139198,115.89595165687
1069,"19",-32.0049284640038,115.896032704934
1070,"3",-32.0083300918484,115.895550784767
1071,"22",-32.0027937488881,115.896253410911
1072,"25",-32.0066210332076,115.89618842229
1073,"15",-32.0136297619925,115.895627934737
1074,"3",-32.0038721202922,115.896110958969
1075,"2",-32.0078067453531,115.896149691837
1076,"5",-31.999783542294,115.895844356088
1077,"5",-32.0117381772762,115.896188903175
1078,"7",-32.0081852887956,115.896068816357
1079,"2",-32.000562087321,115.895776706142
1080,"16",-32.0019712212557,115.896414560942
1081,"8",-32.0063061607785,115.895546039631
1082,"23",-32.0134358314557,115.896403061679
1083,"23",-32.0100460122728,115.896317486772
1084,"24",-32.0092325730141,115.895824088246
1085,"21",-32.0040388290186,115.895917568689
1086,"18",-32.0122666158143,115.896004254582
1087,"19",-31.999606759416,115.896052089368
1088,"9",-32.0010385345946,115.895572960799
1089,"19",-32.009541006461,115.895819227847
1090,"14",-32.0073535663259,115.895733382304
1091,"19",-32.0087221439868,115.89559760212
1092,"5",-32.0086173023629,115.896477691124
1093,"13",-32.0092590710159,115.895842254174
1094,"16",-32.0003480668646,115.896432934631
1095,"7",-32.0095597487716,115.896310108051
1096,"8",-32.0010294291427,115.895909335471
1097,"16",-32.0017763070962,115.896297541223
1098,"15",-32.0110050279959,115.89574432263
1099,"20",-32.0103824934443,115.896278411708
1100,"3",-32.0039818627774,115.895585871705
1101,"23",-32.0068660428809,115.895711976325
1102,"24",-32.0120992550663,115.896483250531
1103,"17",-32.0115735348547,115.895545154709
1104,"7",-32.0090692547326,115.896045630692
1105,"25",-32.0048348362239,115.896173777403
1106,"13",-31.9998735771717,115.895776273139
1107,"3",-32.0075302419244,115.895992955951
1108,"22",-32.0001732667531,115.896359498148
1109,"13",-32.0122452400312,115.895984788019
1110,"14",-32.0010521811979,115.895635756307
1111,"4",-32.0098968718347,115.895817165141
1112,"25",-32.0095531269702,115.896266253521
1113,"21",-32.0112784730871,115.895545177423
1114,"16",-32.0132626332297,115.896425189335
1115,"9",-32.0122674678354,115.896182919483
1116,"16",-32.0119500768242,115.895916767439
1117,"9",-32.0108654084007,115.895635334371
1118,"5",-32.0015879480842,115.896426649178
1119,"22",-32.0134764118035,115.895731605061
1120,"22",-32.0080689127542,115.896239417766
1121,"14",-32.0003504022569,115.895508103577
1122,"12",-32.0134768293021,115.895748629881
1123,"22",-32.0091790953802,115.896489463175
1124,"24",-32.0074438607355,115.896217121902
1125,"14",-32.0054928864416,115.896151728288
1126,"13",-32.000256824182,115.895740556207
1127,"20",-32.0061529326798,115.895586792755
1128,"15",-32.002895416441,115.89579667628
1129,"8",-32.0046794463195,115.896042068802
1130,"13",-32.0106960571595,115.896280648313
1131,"23",-32.0062731400046,115.895771841533
1132,"7",-32.0128084897215,115.89581717206
1133,"5",-32.0023922689327,115.896447654681
1134,"8",-32.0107179957862,115.895990255854
1135,"15",-32.0011867255191,115.896472959124
1136,"14",-32.0061989314943,115.896345900437
1137,"16",-32.0100263283282,115.896479670982
1138,"1",-32.0018338580762,115.895613989665
1139,"23",-32.0127217626578,115.895813981513
1140,"14",-32.0133175752089,115.896444676731
1141,"23",-32.0049946578416,115.896141544886
1142,"21",-32.0013353510101,115.896479422019
1143,"17",-32.0070949722434,115.896472012008
1144,"7",-32.0063682112646,115.896230551322
1145,"7",-32.0106389697322,115.895891842845
1146,"13",-32.003252441621,115.896163462372
1147,"15",-32.0058688512189,115.895757232317
1148,"12",-32.0129825643417,115.895809798469
1149,"14",-32.001688362747,115.896340456382
1150,"19",-32.010013551606,115.896188273131
1151,"19",-32.0060868455638,115.896274932118
1152,"25",-32.0089259153351,115.895807840032
1153,"17",-32.0120886149166,115.896141562938
1154,"9",-32.0012647103047,115.896113391628
1155,"13",-32.0045802554621,115.895726554587
1156,"14",-32.0013182360528,115.895746159217
1157,"23",-32.0118602275531,115.896377758007
1158,"6",-32.0039435264547,115.896284769726
1159,"1",-32.0048241777552,115.89552566116
1160,"16",-31.9998932711818,115.896255333107
1161,"8",-32.0052228833394,115.896397715892
1162,"5",-32.0092742603461,115.896393065906
1163,"10",-32.0000522245944,115.895619435762
1164,"9",-32.0013723533109,115.896476272113
1165,"5",-32.0075012290186,115.896410052168
1166,"14",-32.0066092897552,115.895758996623
1167,"19",-32.0024796057813,115.896388964016
1168,"1",-32.0100167584533,115.896333025269
1169,"16",-32.001844216561,115.895939285231
1170,"6",-32.0016974070417,115.895576751409
1171,"20",-32.0076068791929,115.896366153984
1172,"8",-32.0003209111983,115.895823661692
1173,"25",-32.0126652151729,115.89573209342
1174,"14",-32.0018725971614,115.896327789663
1175,"14",-32.0066057947197,115.896491556604
1176,"25",-32.0092435730132,115.895730139007
1177,"8",-32.0046790420341,115.895588814431
1178,"11",-32.0090389007854,115.896135193619
1179,"23",-32.0041758825194,115.896356550943
1180,"20",-32.0003286147268,115.895683941821
1181,"24",-32.0053914461439,115.896005474849
1182,"5",-32.0043867956947,115.895855560598
1183,"14",-32.0076253782816,115.896324495884
1184,"1",-32.0020694917927,115.895983728897
1185,"1",-32.0011107675654,115.895731912927
1186,"5",-32.0083357100187,115.895770163433
1187,"3",-32.0065760968835,115.896322993501
1188,"4",-32.0006132626686,115.895525836254
1189,"3",-32.006928186393,115.895905925505
1190,"14",-32.0106438112141,115.896096034614
1191,"18",-32.0038266580785,115.896028739653
1192,"10",-32.0029817047127,115.896182570908
1193,"12",-32.0041706652283,115.896007812908
1194,"16",-32.0106790524219,115.896054371795
1195,"3",-31.99967273551,115.896341240105
1196,"12",-32.0135993013914,115.89581251016
1197,"5",-32.0005283683353,115.89553594812
1198,"13",-32.0123912142407,115.896315994061
1199,"8",-32.0014784162553,115.896278576789
1200,"17",-32.0056085917924,115.896359379491
1201,"5",-32.0048901128193,115.895565719357
1202,"19",-32.0018541295028,115.895508806119
1203,"6",-32.0098605704752,115.896091680876
1204,"2",-32.0131167745838,115.89636961538
1205,"17",-32.0116810045054,115.895946291886
1206,"23",-32.0121613084384,115.895537575005
1207,"17",-32.0111390750193,115.895910290583
1208,"8",-31.9996667726546,115.895865216211
1209,"19",-32.0108671818332,115.895976584831
1210,"18",-32.0088501607903,115.895633677756
1211,"19",-32.0035924105329,115.895979456257
1212,"5",-32.0035753903284,115.895764312692
1213,"14",-32.0095228438105,115.895989932942
1214,"12",-32.0093328589002,115.896406061205
1215,"24",-32.007422672857,115.896000997344
1216,"1",-32.0081136142528,115.89620350681
1217,"16",-32.000460478862,115.895557910028
1218,"18",-32.0058924850461,115.896189310918
1219,"20",-32.0048318523793,115.896298795276
1220,"7",-32.0063361534249,115.895518855033
1221,"5",-32.0063356037333,115.895536814572
1222,"10",-32.007514685042,115.896077822232
1223,"4",-32.0105239933536,115.896290035859
1224,"8",-32.0090389468123,115.896235261033
1225,"17",-32.0101723461374,115.895768537719
1226,"5",-32.0136831751786,115.896305366424
1227,"7",-32.0104322694486,115.895924932878
1228,"22",-31.9995501965186,115.895665215193
1229,"12",-32.0073869181672,115.896104047569
1230,"13",-31.9996357159236,115.896325760356
1231,"10",-32.0099650263094,115.896280950927
1232,"1",-32.0117227141302,115.895581476899
1233,"15",-32.0054861564124,115.895570758368
1234,"14",-32.0073745596201,115.896458960018
1235,"7",-32.0011017457539,115.895590292757
1236,"2",-32.0003340366099,115.895712251252
1237,"10",-32.0046726896022,115.895939203593
1238,"21",-32.0014224127852,115.896277871489
1239,"15",-32.0094914752728,115.896351407959
1240,"19",-32.0005727233949,115.896124723904
1241,"18",-32.011639892649,115.89588804091
1242,"14",-32.0116280137945,115.895643754851
1243,"22",-32.0052383133453,115.896381672804
1244,"18",-31.9991726967852,115.896373741813
1245,"19",-32.0059111941554,115.895838623692
1246,"3",-32.0118237456044,115.896013312964
1247,"11",-32.0111140566869,115.895993935424
1248,"20",-32.0023915660096,115.896293437806
1249,"25",-32.0042025379066,115.896418415119
1250,"5",-32.0055798590251,115.896086360269
1251,"14",-32.0028155955698,115.896323480394
1252,"18",-32.0086890920103,115.89630743891
1253,"9",-32.0079878926513,115.895781572984
1254,"1",-32.0085580323975,115.896008648599
1255,"7",-32.0046072352608,115.89579522944
1256,"15",-32.0113531094197,115.896367623769
1257,"17",-32.0101020412277,115.896213367391
1258,"6",-31.9998640337504,115.895862351306
1259,"13",-31.9992702122772,115.896497030259
1260,"1",-32.0058793205082,115.896201003309
1261,"6",-32.0130385077763,115.895737478894
1262,"8",-32.0049069097628,115.896147496966
1263,"10",-32.0031634819674,115.895843952273
1264,"2",-32.0051878660044,115.896300626118
1265,"21",-32.0060134877149,115.895825027865
1266,"18",-32.0085350055134,115.895767285833
1267,"5",-32.0125310979364,115.895569781123
1268,"3",-32.0118254648822,115.896070517371
1269,"6",-32.008358219311,115.895504170842
1270,"22",-32.0049378611656,115.895780901651
1271,"11",-32.0102274868174,115.895780087199
1272,"9",-32.0134350676064,115.896318229336
1273,"22",-32.0091758552263,115.895617334311
1274,"20",-32.0125610151653,115.895762164573
1275,"15",-32.0100366786172,115.895939232812
1276,"18",-32.0116432258832,115.896458384464
1277,"7",-32.0082963246773,115.895817625193
1278,"9",-32.0116506643696,115.896285344613
1279,"14",-32.0054072486754,115.895631529557
1280,"11",-32.0057768660586,115.895994531481
1281,"20",-32.0113100809918,115.896025210569
1282,"17",-31.9999025219584,115.896386129127
1283,"12",-32.0045619685662,115.895861683884
1284,"24",-32.0127532604957,115.895966293302
1285,"12",-32.0110585931693,115.895940077771
1286,"19",-32.0039510232226,115.896213371853
1287,"25",-32.0004617875962,115.895551185918
1288,"13",-32.0017890467419,115.896201317793
1289,"12",-32.0072398731798,115.896163476302
1290,"6",-32.0113464593495,115.896163866388
1291,"3",-32.0112797139572,115.895999903665
1292,"12",-32.0067073902987,115.895775332399
1293,"12",-32.0079204048526,115.895873187935
1294,"11",-32.0020941729696,115.895605495648
1295,"19",-32.0024603784309,115.895754962129
1296,"11",-32.0078721916823,115.895546323148
1297,"4",-32.0044991267949,115.895969608026
1298,"22",-32.0076750309278,115.895824088446
1299,"11",-32.0083652950415,115.895709987332
1300,"2",-32.0046355187118,115.896252631238
1301,"7",-31.9997430127287,115.895743875528
1302,"6",-32.0067493409188,115.895905538256
1303,"7",-32.0046412289461,115.896203397484
1304,"4",-32.0094773283294,115.895614420278
1305,"23",-32.007749511255,115.895634756038
1306,"16",-32.0072047930831,115.896484476802
1307,"4",-32.0095604081289,115.896476772773
1308,"9",-31.9995359712546,115.896258663358
1309,"5",-32.0008140569472,115.895530059478
1310,"16",-32.0018907806429,115.896474209727
1311,"11",-32.0033598937719,115.896260270347
1312,"16",-32.0110690565981,115.896387442039
1313,"25",-32.012765954638,115.895721953105
1314,"9",-32.0121439172415,115.895770474311
1315,"19",-32.0013165089531,115.896107255025
1316,"15",-32.0084523189549,115.895840198587
1317,"11",-32.0022389913125,115.896256969291
1318,"17",-32.0004426328724,115.895574837415
1319,"9",-32.0044519991182,115.896390628924
1320,"25",-32.0047193021891,115.896270493617
1321,"15",-32.0127139174011,115.896382698432
1322,"12",-32.0101741893173,115.896447775728
1323,"19",-32.0077026382389,115.895824005056
1324,"20",-32.0018568448244,115.895678659718
1325,"7",-32.0081645381012,115.895649850057
1326,"11",-32.0071745266345,115.895614643478
1327,"15",-32.0053705863753,115.895971278378
1328,"9",-32.0117842994081,115.896311294878
1329,"14",-32.0135099318197,115.896366742428
1330,"24",-32.0038060219788,115.895564699129
1331,"19",-32.0015067280805,115.896231956482
1332,"11",-32.0000305531751,115.896472672674
1333,"22",-32.0128466210375,115.895811117198
1334,"1",-32.0039468234046,115.896216385001
1335,"9",-32.0080664945066,115.896095201869
1336,"9",-32.0052885159585,115.895543182235
1337,"23",-32.0116733130037,115.89594913687
1338,"24",-32.0099648257423,115.896138674824
1339,"17",-32.0091293110917,115.896300675096
1340,"10",-32.0032592800207,115.896041884244
1341,"8",-32.0109452788782,115.896381819662
1342,"18",-32.0116241531682,115.895506785675
1343,"24",-32.0053179703995,115.89594682481
1344,"6",-32.012982406018,115.895983305934
1345,"25",-32.0073488882871,115.896293270056
1346,"18",-32.0066524316424,115.895778514292
1347,"7",-32.0069136732502,115.896090550302
1348,"7",-32.0066014517187,115.895687459511
1349,"12",-32.0029312606793,115.896307281749
1350,"9",-31.9992315998476,115.896094337411
1351,"16",-32.0014300379626,115.895772340123
1352,"3",-32.0120658756973,115.896302584853
1353,"3",-32.0011232406086,115.896104906654
1354,"21",-32.0054093711984,115.896457916964
1355,"14",-32.0037241277695,115.895678609275
1356,"2",-32.0021717600102,115.895504237858
1357,"4",-32.0078231272149,115.895871761044
1358,"1",-32.0012421530344,115.896271444174
1359,"21",-32.0109317592263,115.896073127864
1360,"10",-32.006462464157,115.895670459475
1361,"24",-32.0119473525013,115.895589395431
1362,"21",-32.0103615157292,115.896376226935
1363,"6",-32.0004797307113,115.895645597516
1364,"25",-32.0067828868515,115.896135276664
1365,"3",-32.0058090390234,115.895946237698
1366,"12",-31.9994825883429,115.896425765043
1367,"1",-31.9995025362862,115.896111899788
1368,"25",-32.0036937517436,115.895569068917
1369,"12",-32.002312596364,115.896016808291
1370,"13",-32.0134013830254,115.896189569796
1371,"18",-32.0030644001877,115.895984905358
1372,"1",-32.0002286026906,115.896116063921
1373,"24",-32.0072693161515,115.89597912578
1374,"9",-32.0033986081949,115.896352648963
1375,"2",-32.001775818052,115.895767658463
1376,"3",-32.0065955040243,115.895908591942
1377,"22",-32.0013922085035,115.896299616874
1378,"1",-32.0065040421361,115.896373691673
1379,"23",-32.0134420294119,115.896038895409
1380,"18",-32.0072692072337,115.895828174016
1381,"5",-32.006722299922,115.896078289141
1382,"10",-32.0049218876208,115.895833875231
1383,"11",-32.0072285978386,115.895658495636
1384,"19",-32.0092152093348,115.896010123795
1385,"16",-32.0038743574406,115.895536473062
1386,"15",-32.0048069317436,115.895642478028
1387,"7",-31.9994842932994,115.895671927362
1388,"16",-32.0111328131998,115.895823989487
1389,"18",-31.9994908934675,115.895853572801
1390,"24",-32.0052419697741,115.89636650131
1391,"19",-32.0029233711974,115.895856439318
1392,"4",-32.0010590588191,115.896450715265
1393,"19",-32.0042467028826,115.895982422548
1394,"3",-32.0035574366788,115.896367415026
1395,"2",-31.9991597806022,115.89581762361
1396,"13",-32.0012991483603,115.895835467483
1397,"4",-32.002518995321,115.895661402719
1398,"20",-32.0116900862811,115.896124939526
1399,"22",-32.0123102415618,115.895683409156
1400,"6",-32.0060810158873,115.896039228255
1401,"3",-32.0108900698071,115.895696170893
1402,"25",-32.0030206084001,115.895604010204
1403,"21",-32.0064790301094,115.895830264387
1404,"21",-32.0116157163606,115.896101568163
1405,"8",-32.0014182322516,115.896190408902
1406,"5",-31.9999569621935,115.895704886459
1407,"5",-32.009641674836,115.895915025478
1408,"19",-32.0115044623984,115.895644430361
1409,"12",-32.0033825677378,115.895707557585
1410,"7",-32.0054460565221,115.896265929
1411,"14",-32.0123786643624,115.895981627172
1412,"17",-32.0055190300568,115.895739493776
1413,"2",-32.0047172030772,115.896296401321
1414,"17",-32.0056930689398,115.895942730987
1415,"11",-32.0079550321488,115.895669949819
1416,"14",-32.0076166450016,115.895665098887
1417,"8",-32.0004883005449,115.896468649524
1418,"1",-32.0038651190307,115.896022306963
1419,"2",-31.9997600626127,115.896022533273
1420,"10",-32.0114920150371,115.89618876281
1421,"2",-32.0055277720832,115.896288080188
1422,"6",-32.012259918038,115.89619235798
1423,"13",-32.0045976304851,115.896379430215
1424,"12",-32.0099569577067,115.895641129625
1425,"3",-32.0067027081569,115.895765245272
1426,"8",-32.0067337048082,115.89639581176
1427,"1",-32.0015748253207,115.895853910457
1428,"14",-32.0006245683148,115.896432277707
1429,"11",-32.0052776144719,115.895827124792
1430,"22",-31.9999205916645,115.896145392446
1431,"11",-32.0094392045497,115.896021342862
1432,"8",-32.0045703385635,115.896062566541
1433,"17",-32.0046453155937,115.895998812912
1434,"4",-32.0042301793538,115.896030824617
1435,"12",-32.0102703051193,115.895883137033
1436,"15",-32.0078052071779,115.896101621326
1437,"24",-32.0112041326115,115.895763180743
1438,"14",-32.0061202197795,115.896146698994
1439,"19",-32.0051683238491,115.896166055621
1440,"11",-32.012530858566,115.896054414891
1441,"17",-32.0030580231311,115.895808211612
1442,"6",-32.0047346286719,115.896243387126
1443,"12",-32.0039049219014,115.896347049769
1444,"19",-32.0093764500323,115.895868522705
1445,"21",-32.0084356998744,115.895941243496
1446,"17",-32.0044864321869,115.896370623822
1447,"6",-31.9996824533236,115.895908847642
1448,"5",-32.008375695797,115.895984970291
1449,"17",-32.0108093471827,115.896003711908
1450,"24",-32.0099900120524,115.895539570336
1451,"16",-32.0066145808797,115.895895284135
1452,"9",-32.0076660879263,115.895960283162
1453,"11",-32.00890761818,115.896056929057
1454,"5",-32.0084900634308,115.896172569853
1455,"14",-32.0037156548882,115.896182279259
1456,"5",-32.0010980207301,115.896390657377
1457,"11",-32.0068530564509,115.896166037085
1458,"24",-32.0051902863731,115.896024005987
1459,"13",-32.006421024466,115.895811028083
1460,"20",-32.0039573052816,115.895526185645
1461,"4",-32.0036570503683,115.895630041539
1462,"4",-32.0121329830942,115.896001927585
1463,"11",-32.0120617446783,115.896010923856
1464,"21",-32.0000814094313,115.895615222776
1465,"20",-32.0075406122219,115.895756133809
1466,"6",-32.005475652314,115.895664506047
1467,"10",-31.999738864057,115.895779396317
1468,"20",-32.010839552338,115.895652533705
1469,"17",-32.0104333018992,115.895928908013
1470,"11",-32.0046281881438,115.895712079421
1471,"8",-32.0015153270904,115.895577995629
1472,"21",-32.0019036617278,115.896372257839
1473,"5",-32.0114943275894,115.895714177499
1474,"19",-32.0124848614885,115.89570283746
1475,"11",-32.0023276129166,115.895816553876
1476,"1",-31.9997643547089,115.895830308026
1477,"2",-32.0046713391106,115.896269229527
1478,"12",-32.0073166419785,115.896073061312
1479,"14",-32.0039994464034,115.895662118078
1480,"3",-32.0010141707824,115.896313368956
1481,"16",-32.0063617267791,115.896421967917
1482,"20",-32.0059794758058,115.89575248029
1483,"4",-32.0024471443429,115.896251432761
1484,"4",-32.0083011390937,115.895704338553
1485,"1",-31.9999686606116,115.896329243324
1486,"25",-32.0132144219188,115.895802014371
1487,"17",-32.0087611485594,115.896266608599
1488,"21",-32.0117198231926,115.895620655005
1489,"4",-32.0087779783744,115.896344651378
1490,"17",-32.0066407203918,115.896321222333
1491,"7",-32.0026455113453,115.896353889807
1492,"25",-32.0020766042904,115.895514556312
1493,"5",-32.0076197041379,115.895537926082
1494,"9",-32.0132628785796,115.895798856538
1495,"6",-32.0000000607223,115.895826690504
1496,"9",-32.0003336614975,115.895574772563
1497,"3",-32.0047631421519,115.896208082194
1498,"9",-32.0002812556239,115.895525186383
1499,"17",-32.0045566182629,115.896324060465
1500,"3",-32.0118537766155,115.8960114314
1501,"6",-32.0116174320861,115.896266707665
1502,"18",-32.0037479996379,115.896438004501
1503,"17",-32.0002238376698,115.896041961003
1504,"13",-32.0115004745353,115.896448937767
1505,"12",-32.0007812360604,115.895816944667
1506,"15",-32.0071273337314,115.895786793638
1507,"10",-32.0130186181078,115.896468380625
1508,"21",-32.0016773665484,115.895742915254
1509,"16",-31.9995922292324,115.896299734602
1510,"1",-32.0019120214761,115.895795210407
1511,"6",-32.0093747101954,115.896196785602
1512,"15",-32.0108107757637,115.896261182111
1513,"22",-32.0107555752826,115.895773730296
1514,"8",-32.0085971147773,115.89550520811
1515,"1",-32.0104283609938,115.895922099938
1516,"6",-32.0112984210337,115.896097816919
1517,"17",-32.0123461427151,115.895942167372
1518,"22",-32.0044596615625,115.895842540168
1519,"6",-32.002242090187,115.896016646392
1520,"5",-32.0128314562471,115.89572845684
1521,"9",-32.0124692250414,115.895789419986
1522,"10",-32.0136375452319,115.895522421722
1523,"3",-32.0116235775635,115.89602836652
1524,"9",-32.0001337719261,115.895918463252
1525,"21",-32.0113364815825,115.896474797966
1526,"23",-31.999267883211,115.895549568002
1527,"18",-32.0034183404101,115.896138501225
1528,"22",-32.0089616787,115.895993893288
1529,"23",-32.0089099555915,115.895504706253
1530,"25",-32.0023601496943,115.895685419822
1531,"19",-32.0064203943293,115.896134250907
1532,"25",-32.0064436999922,115.89601847229
1533,"6",-32.0098109273335,115.896391679307
1534,"6",-32.0001248990493,115.896177602164
1535,"8",-32.0038078315666,115.89601376799
1536,"4",-32.0033302064497,115.895807222481
1537,"22",-32.0095858065095,115.89589738932
1538,"17",-32.005221897633,115.895653296174
1539,"20",-31.9997678506554,115.895879808948
1540,"6",-32.0131744211936,115.895770354157
1541,"7",-32.0062505552439,115.896445289759
1542,"7",-32.0011354450506,115.895752260402
1543,"11",-32.0096486114423,115.896235731441
1544,"21",-32.0084024034353,115.895567682502
1545,"1",-32.0003188444548,115.895870808994
1546,"19",-32.0125285635339,115.895717513534
1547,"8",-32.0062142202956,115.896378981721
1548,"17",-32.0075674474472,115.895923320848
1549,"14",-32.0113924777883,115.895821035557
1550,"24",-32.0071364533314,115.895912611113
1551,"7",-32.0112235372471,115.895656395986
1552,"3",-32.0012133907542,115.89612912687
1553,"1",-32.0036532557025,115.896269396605
1554,"24",-32.0119257315485,115.896401799907
1555,"15",-32.0119609062349,115.896110150262
1556,"24",-32.0094872593862,115.896130686095
1557,"23",-31.9999725602826,115.89616206418
1558,"25",-32.0000980506041,115.89642999945
1559,"14",-32.0110292437708,115.896492246342
1560,"12",-32.0003720433813,115.895758516423
1561,"17",-32.0127297156596,115.895790843199
1562,"8",-32.000886619962,115.896411599163
1563,"1",-32.0128413663436,115.895873307227
1564,"22",-31.9998052402483,115.896223546234
1565,"2",-32.0113629866447,115.896339972242
1566,"5",-32.0052198037935,115.895616687705
1567,"13",-32.0033133163239,115.896344545478
1568,"19",-32.0096072912343,115.89615622092
1569,"20",-32.013311177498,115.895509280679
1570,"24",-32.0033249121945,115.895607914991
1571,"22",-32.0091338964444,115.895927167166
1572,"9",-32.0012149989794,115.896328239374
1573,"16",-32.0068114381218,115.895835267301
1574,"21",-31.9992152987028,115.895794686056
1575,"1",-32.0125631863871,115.896406770663
1576,"17",-32.0133392611908,115.895906673586
1577,"18",-32.0053025398089,115.896067653727
1578,"10",-32.0048281058616,115.895748399
1579,"9",-32.0136362679448,115.895634266011
1580,"11",-32.0028419800885,115.895697057574
1581,"1",-32.0130170598833,115.896030114248
1582,"2",-32.0067178550635,115.896455635407
1583,"11",-31.999997096332,115.895919968307
1584,"25",-32.0128292897197,115.896339353556
1585,"17",-31.9997768428349,115.895579698996
1586,"14",-32.0024462454757,115.896250229801
1587,"18",-32.0012673787564,115.895766070507
1588,"14",-32.0105177168219,115.896029343611
1589,"20",-31.999180697884,115.895545071528
1590,"8",-32.0035745633197,115.896269236212
1591,"24",-32.0095078563596,115.896410527362
1592,"5",-32.0017580404739,115.896245922343
1593,"9",-31.9996924028965,115.895597412097
1594,"10",-32.0005538460596,115.896445590117
1595,"17",-32.0118481452082,115.89567852812
1596,"20",-32.0128293616155,115.896302348509
1597,"7",-32.0017511712355,115.896171268182
1598,"22",-32.0011393809176,115.895918321633
1599,"12",-32.013040085394,115.896253507938
1600,"11",-32.0104218545282,115.895914925395
1601,"18",-32.0034096581506,115.896094031544
1602,"12",-32.0122590433333,115.895819866346
1603,"7",-32.0134679903064,115.896146481221
1604,"3",-32.000477789675,115.895858026617
1605,"14",-32.012984111345,115.896371845879
1606,"18",-32.0009373194072,115.895906450997
1607,"16",-32.0119396737674,115.895955829912
1608,"17",-32.0077992037889,115.896389312626
1609,"6",-32.0103431244468,115.896152082904
1610,"6",-32.002366963024,115.89550994651
1611,"4",-32.0052856525758,115.896155558878
1612,"21",-32.0108558505696,115.895741387656
1613,"5",-32.007498542537,115.896465548791
1614,"14",-32.0072763592179,115.895947143858
1615,"10",-32.0004308417615,115.896168631079
1616,"8",-32.0069450982678,115.895599700781
1617,"22",-32.0000986714742,115.895706725384
1618,"10",-32.008013958568,115.896447287192
1619,"23",-32.0019431536722,115.896068032069
1620,"14",-32.0024790864899,115.895907512559
1621,"15",-32.0087227535678,115.896079795511
1622,"19",-32.0000067557962,115.895632014667
1623,"1",-32.006344063313,115.895997967559
1624,"2",-32.0089655513022,115.895686299991
1625,"15",-32.0072373765098,115.895740497326
1626,"10",-32.0065901872281,115.896308503576
1627,"5",-32.0014126014459,115.89617855576
1628,"5",-31.9998422725924,115.896469189246
1629,"23",-32.0068326007399,115.895638442653
1630,"17",-32.0082824950372,115.895950551343
1631,"17",-32.010401735677,115.895989569957
1632,"18",-32.013632743257,115.896042616937
1633,"2",-32.0033422145772,115.895956333316
1634,"11",-32.0035330221961,115.895671428567
1635,"5",-32.0134854537085,115.896214840275
1636,"17",-32.0109598326974,115.896406021132
1637,"14",-32.0058619311096,115.895790289425
1638,"3",-32.0113784659783,115.896265054656
1639,"10",-32.0101082541784,115.896429564976
1640,"13",-32.0002342011108,115.895509922818
1641,"25",-32.0083986727279,115.896000481337
1642,"19",-31.999204866269,115.895759388251
1643,"2",-32.0031044202142,115.895962137065
1644,"17",-32.0115213811636,115.895907446877
1645,"9",-32.0050582304378,115.896335311875
1646,"19",-32.0013084618613,115.895633896214
1647,"18",-32.0029836809253,115.896369531351
1648,"9",-32.0069475604618,115.895892340451
1649,"22",-32.0062381314365,115.896120009698
1650,"14",-32.0055767942595,115.895628514517
1651,"15",-32.0107683835302,115.896381674415
1652,"6",-32.0007178122529,115.896140317639
1653,"8",-32.0114459936885,115.896011992504
1654,"20",-32.0051648464086,115.896131430616
1655,"2",-32.0066783201652,115.896464617025
1656,"1",-32.010819665066,115.896291312667
1657,"18",-31.9994150027185,115.896448998812
1658,"7",-32.0090421406299,115.89616146187
1659,"7",-32.0130460850369,115.895955766988
1660,"4",-32.0026961830758,115.896444544751
1661,"5",-32.005423859346,115.896169426065
1662,"11",-32.0135576939164,115.895849697279
1663,"10",-32.0093089905671,115.895846710763
1664,"11",-32.0010958899637,115.895515647422
1665,"1",-32.0103106338319,115.895951290685
1666,"10",-32.0128453188606,115.896010235425
1667,"25",-32.0033186712911,115.895560229263
1668,"23",-32.0062722714594,115.896242105067
1669,"21",-32.0077877732242,115.895653133157
1670,"12",-32.0075020967955,115.895844123337
1671,"7",-32.0003560995466,115.89588070354
1672,"5",-32.0005307052233,115.896419374491
1673,"18",-32.010516246878,115.896137143385
1674,"8",-32.0053065396138,115.896363191005
1675,"15",-32.0131064642096,115.895912871347
1676,"7",-32.0058072763328,115.896204536548
1677,"14",-32.0120527044492,115.895697278121
1678,"10",-32.0026411735316,115.896027813529
1679,"24",-32.0120772949796,115.896399794372
1680,"16",-32.0107199297452,115.895790645268
1681,"25",-32.0024915243263,115.895805627691
1682,"3",-32.007533767887,115.895929776437
1683,"22",-32.0057144718802,115.896386698085
1684,"23",-32.0008444249745,115.896180528742
1685,"11",-32.0030766100074,115.895937791868
1686,"3",-32.0027084456429,115.896333427071
1687,"8",-32.0049292113289,115.89574200507
1688,"17",-32.0122244256062,115.895883571264
1689,"25",-32.0016371484906,115.895620266311
1690,"22",-32.0029215652367,115.895733229286
1691,"13",-32.0008085554519,115.896187575349
1692,"15",-32.0124711908792,115.896493349485
1693,"12",-32.0015897014505,115.896332168092
1694,"9",-32.0096876821863,115.896197965207
1695,"19",-32.0088204484457,115.896024841831
1696,"19",-32.0007492591519,115.895683102914
1697,"6",-32.010906639322,115.896482141824
1698,"13",-32.0135220064686,115.896324067794
1699,"9",-32.0034019743687,115.896468287199
1700,"11",-32.0131507667054,115.89602459375
